neurons,accuracy,value_accuracy

16,0.132143,0.108333

32,0.654454,0.829167

64,0.736161,0.919792

128,0.927589,0.949167

256,0.968304,0.978125

512,0.2253125,0.239583
